<PackageManifest>
   <Name>UPlus_Videoportal_Menu</Name>
   <Scenarios>
      <Scenario>
         <Name>abrSerises_No01_Tc573.py</Name>
         <Project>UPlus_Videoportal_Menu</Project>
         <ScriptLocation>UPlus_Videoportal_Menu/Test Scenarios/abrSerises_No01_Tc573.py</ScriptLocation>
         <ConfigLocation>UPlus_Videoportal_Menu/Test Scenarios/.abrSerises_No01_Tc573.py.properties</ConfigLocation>
         <Paths length="0"/>
      </Scenario>
      <Scenario>
         <Name>abrSerises_No02_Tc574_577_578.py</Name>
         <Project>UPlus_Videoportal_Menu</Project>
         <ScriptLocation>UPlus_Videoportal_Menu/Test Scenarios/abrSerises_No02_Tc574_577_578.py</ScriptLocation>
         <ConfigLocation>UPlus_Videoportal_Menu/Test Scenarios/.abrSerises_No02_Tc574_577_578.py.properties</ConfigLocation>
         <Paths length="0"/>
      </Scenario>
      <Scenario>
         <Name>abrSerises_No03_Tc575.py</Name>
         <Project>UPlus_Videoportal_Menu</Project>
         <ScriptLocation>UPlus_Videoportal_Menu/Test Scenarios/abrSerises_No03_Tc575.py</ScriptLocation>
         <ConfigLocation>UPlus_Videoportal_Menu/Test Scenarios/.abrSerises_No03_Tc575.py.properties</ConfigLocation>
         <Paths length="0"/>
      </Scenario>
      <Scenario>
         <Name>adult_No01_Tc594.py</Name>
         <Project>UPlus_Videoportal_Menu</Project>
         <ScriptLocation>UPlus_Videoportal_Menu/Test Scenarios/adult_No01_Tc594.py</ScriptLocation>
         <ConfigLocation>UPlus_Videoportal_Menu/Test Scenarios/.adult_No01_Tc594.py.properties</ConfigLocation>
         <Paths length="0"/>
      </Scenario>
      <Scenario>
         <Name>adult_No02_Tc595.py</Name>
         <Project>UPlus_Videoportal_Menu</Project>
         <ScriptLocation>UPlus_Videoportal_Menu/Test Scenarios/adult_No02_Tc595.py</ScriptLocation>
         <ConfigLocation>UPlus_Videoportal_Menu/Test Scenarios/.adult_No02_Tc595.py.properties</ConfigLocation>
         <Paths length="0"/>
      </Scenario>
      <Scenario>
         <Name>adult_No03_Tc596.py</Name>
         <Project>UPlus_Videoportal_Menu</Project>
         <ScriptLocation>UPlus_Videoportal_Menu/Test Scenarios/adult_No03_Tc596.py</ScriptLocation>
         <ConfigLocation>UPlus_Videoportal_Menu/Test Scenarios/.adult_No03_Tc596.py.properties</ConfigLocation>
         <Paths length="0"/>
      </Scenario>
      <Scenario>
         <Name>africaTv_No01_TC2032.py</Name>
         <Project>UPlus_Videoportal_Menu</Project>
         <ScriptLocation>UPlus_Videoportal_Menu/Test Scenarios/africaTv_No01_TC2032.py</ScriptLocation>
         <ConfigLocation>UPlus_Videoportal_Menu/Test Scenarios/.africaTv_No01_TC2032.py.properties</ConfigLocation>
         <Paths length="0"/>
      </Scenario>
      <Scenario>
         <Name>africaTv_No02_TC2034_2035.py</Name>
         <Project>UPlus_Videoportal_Menu</Project>
         <ScriptLocation>UPlus_Videoportal_Menu/Test Scenarios/africaTv_No02_TC2034_2035.py</ScriptLocation>
         <ConfigLocation>UPlus_Videoportal_Menu/Test Scenarios/.africaTv_No02_TC2034_2035.py.properties</ConfigLocation>
         <Paths length="0"/>
      </Scenario>
      <Scenario>
         <Name>africaTv_No03_TC2033.py</Name>
         <Project>UPlus_Videoportal_Menu</Project>
         <ScriptLocation>UPlus_Videoportal_Menu/Test Scenarios/africaTv_No03_TC2033.py</ScriptLocation>
         <ConfigLocation>UPlus_Videoportal_Menu/Test Scenarios/.africaTv_No03_TC2033.py.properties</ConfigLocation>
         <Paths length="0"/>
      </Scenario>
      <Scenario>
         <Name>africaTv_No04_TC2037.py</Name>
         <Project>UPlus_Videoportal_Menu</Project>
         <ScriptLocation>UPlus_Videoportal_Menu/Test Scenarios/africaTv_No04_TC2037.py</ScriptLocation>
         <ConfigLocation>UPlus_Videoportal_Menu/Test Scenarios/.africaTv_No04_TC2037.py.properties</ConfigLocation>
         <Paths length="0"/>
      </Scenario>
      <Scenario>
         <Name>africaTv_No05_TC2039.py</Name>
         <Project>UPlus_Videoportal_Menu</Project>
         <ScriptLocation>UPlus_Videoportal_Menu/Test Scenarios/africaTv_No05_TC2039.py</ScriptLocation>
         <ConfigLocation>UPlus_Videoportal_Menu/Test Scenarios/.africaTv_No05_TC2039.py.properties</ConfigLocation>
         <Paths length="0"/>
      </Scenario>
      <Scenario>
         <Name>animation_No4_Tc1888_632_633_635_636.py</Name>
         <Project>UPlus_Videoportal_Menu</Project>
         <ScriptLocation>UPlus_Videoportal_Menu/Test Scenarios/animation_No4_Tc1888_632_633_635_636.py</ScriptLocation>
         <ConfigLocation>UPlus_Videoportal_Menu/Test Scenarios/.animation_No4_Tc1888_632_633_635_636.py.properties</ConfigLocation>
         <Paths length="0"/>
      </Scenario>
      <Scenario>
         <Name>bestVideoBest_No01_Tc584.py</Name>
         <Project>UPlus_Videoportal_Menu</Project>
         <ScriptLocation>UPlus_Videoportal_Menu/Test Scenarios/bestVideoBest_No01_Tc584.py</ScriptLocation>
         <ConfigLocation>UPlus_Videoportal_Menu/Test Scenarios/.bestVideoBest_No01_Tc584.py.properties</ConfigLocation>
         <Paths length="0"/>
      </Scenario>
      <Scenario>
         <Name>bestVideoGenre_No01_Tc588_589.py</Name>
         <Project>UPlus_Videoportal_Menu</Project>
         <ScriptLocation>UPlus_Videoportal_Menu/Test Scenarios/bestVideoGenre_No01_Tc588_589.py</ScriptLocation>
         <ConfigLocation>UPlus_Videoportal_Menu/Test Scenarios/.bestVideoGenre_No01_Tc588_589.py.properties</ConfigLocation>
         <Paths length="0"/>
      </Scenario>
      <Scenario>
         <Name>bestVideo_No01_Tc579_48.py</Name>
         <Project>UPlus_Videoportal_Menu</Project>
         <ScriptLocation>UPlus_Videoportal_Menu/Test Scenarios/bestVideo_No01_Tc579_48.py</ScriptLocation>
         <ConfigLocation>UPlus_Videoportal_Menu/Test Scenarios/.bestVideo_No01_Tc579_48.py.properties</ConfigLocation>
         <Paths length="0"/>
      </Scenario>
      <Scenario>
         <Name>bestVideo_No02_Tc580.py</Name>
         <Project>UPlus_Videoportal_Menu</Project>
         <ScriptLocation>UPlus_Videoportal_Menu/Test Scenarios/bestVideo_No02_Tc580.py</ScriptLocation>
         <ConfigLocation>UPlus_Videoportal_Menu/Test Scenarios/.bestVideo_No02_Tc580.py.properties</ConfigLocation>
         <Paths length="0"/>
      </Scenario>
      <Scenario>
         <Name>bestVideo_No03_Tc581.py</Name>
         <Project>UPlus_Videoportal_Menu</Project>
         <ScriptLocation>UPlus_Videoportal_Menu/Test Scenarios/bestVideo_No03_Tc581.py</ScriptLocation>
         <ConfigLocation>UPlus_Videoportal_Menu/Test Scenarios/.bestVideo_No03_Tc581.py.properties</ConfigLocation>
         <Paths length="0"/>
      </Scenario>
      <Scenario>
         <Name>bestVideo_No04_Tc582.py</Name>
         <Project>UPlus_Videoportal_Menu</Project>
         <ScriptLocation>UPlus_Videoportal_Menu/Test Scenarios/bestVideo_No04_Tc582.py</ScriptLocation>
         <ConfigLocation>UPlus_Videoportal_Menu/Test Scenarios/.bestVideo_No04_Tc582.py.properties</ConfigLocation>
         <Paths length="0"/>
      </Scenario>
      <Scenario>
         <Name>bestVideo_No05_Tc592.py</Name>
         <Project>UPlus_Videoportal_Menu</Project>
         <ScriptLocation>UPlus_Videoportal_Menu/Test Scenarios/bestVideo_No05_Tc592.py</ScriptLocation>
         <ConfigLocation>UPlus_Videoportal_Menu/Test Scenarios/.bestVideo_No05_Tc592.py.properties</ConfigLocation>
         <Paths length="0"/>
      </Scenario>
      <Scenario>
         <Name>bestVideo_No06_Tc591.py</Name>
         <Project>UPlus_Videoportal_Menu</Project>
         <ScriptLocation>UPlus_Videoportal_Menu/Test Scenarios/bestVideo_No06_Tc591.py</ScriptLocation>
         <ConfigLocation>UPlus_Videoportal_Menu/Test Scenarios/.bestVideo_No06_Tc591.py.properties</ConfigLocation>
         <Paths length="0"/>
      </Scenario>
      <Scenario>
         <Name>bestVideo_No07_Tc593.py</Name>
         <Project>UPlus_Videoportal_Menu</Project>
         <ScriptLocation>UPlus_Videoportal_Menu/Test Scenarios/bestVideo_No07_Tc593.py</ScriptLocation>
         <ConfigLocation>UPlus_Videoportal_Menu/Test Scenarios/.bestVideo_No07_Tc593.py.properties</ConfigLocation>
         <Paths length="0"/>
      </Scenario>
      <Scenario>
         <Name>business_No02_Tc718.py</Name>
         <Project>UPlus_Videoportal_Menu</Project>
         <ScriptLocation>UPlus_Videoportal_Menu/Test Scenarios/business_No02_Tc718.py</ScriptLocation>
         <ConfigLocation>UPlus_Videoportal_Menu/Test Scenarios/.business_No02_Tc718.py.properties</ConfigLocation>
         <Paths length="0"/>
      </Scenario>
      <Scenario>
         <Name>documentary_No01_Tc757.py</Name>
         <Project>UPlus_Videoportal_Menu</Project>
         <ScriptLocation>UPlus_Videoportal_Menu/Test Scenarios/documentary_No01_Tc757.py</ScriptLocation>
         <ConfigLocation>UPlus_Videoportal_Menu/Test Scenarios/.documentary_No01_Tc757.py.properties</ConfigLocation>
         <Paths length="0"/>
      </Scenario>
      <Scenario>
         <Name>game_No01_Tc528.py</Name>
         <Project>UPlus_Videoportal_Menu</Project>
         <ScriptLocation>UPlus_Videoportal_Menu/Test Scenarios/game_No01_Tc528.py</ScriptLocation>
         <ConfigLocation>UPlus_Videoportal_Menu/Test Scenarios/.game_No01_Tc528.py.properties</ConfigLocation>
         <Paths length="0"/>
      </Scenario>
      <Scenario>
         <Name>game_No02_Tc529_539_540.py</Name>
         <Project>UPlus_Videoportal_Menu</Project>
         <ScriptLocation>UPlus_Videoportal_Menu/Test Scenarios/game_No02_Tc529_539_540.py</ScriptLocation>
         <ConfigLocation>UPlus_Videoportal_Menu/Test Scenarios/.game_No02_Tc529_539_540.py.properties</ConfigLocation>
         <Paths length="0"/>
      </Scenario>
      <Scenario>
         <Name>game_No03_Tc530.py</Name>
         <Project>UPlus_Videoportal_Menu</Project>
         <ScriptLocation>UPlus_Videoportal_Menu/Test Scenarios/game_No03_Tc530.py</ScriptLocation>
         <ConfigLocation>UPlus_Videoportal_Menu/Test Scenarios/.game_No03_Tc530.py.properties</ConfigLocation>
         <Paths length="0"/>
      </Scenario>
      <Scenario>
         <Name>game_No04_Tc531.py</Name>
         <Project>UPlus_Videoportal_Menu</Project>
         <ScriptLocation>UPlus_Videoportal_Menu/Test Scenarios/game_No04_Tc531.py</ScriptLocation>
         <ConfigLocation>UPlus_Videoportal_Menu/Test Scenarios/.game_No04_Tc531.py.properties</ConfigLocation>
         <Paths length="0"/>
      </Scenario>
      <Scenario>
         <Name>game_No05_Tc532.py</Name>
         <Project>UPlus_Videoportal_Menu</Project>
         <ScriptLocation>UPlus_Videoportal_Menu/Test Scenarios/game_No05_Tc532.py</ScriptLocation>
         <ConfigLocation>UPlus_Videoportal_Menu/Test Scenarios/.game_No05_Tc532.py.properties</ConfigLocation>
         <Paths length="0"/>
      </Scenario>
      <Scenario>
         <Name>history_No01_Tc721.py</Name>
         <Project>UPlus_Videoportal_Menu</Project>
         <ScriptLocation>UPlus_Videoportal_Menu/Test Scenarios/history_No01_Tc721.py</ScriptLocation>
         <ConfigLocation>UPlus_Videoportal_Menu/Test Scenarios/.history_No01_Tc721.py.properties</ConfigLocation>
         <Paths length="0"/>
      </Scenario>
      <Scenario>
         <Name>kids_No06_Tc1827_609_611.py</Name>
         <Project>UPlus_Videoportal_Menu</Project>
         <ScriptLocation>UPlus_Videoportal_Menu/Test Scenarios/kids_No06_Tc1827_609_611.py</ScriptLocation>
         <ConfigLocation>UPlus_Videoportal_Menu/Test Scenarios/.kids_No06_Tc1827_609_611.py.properties</ConfigLocation>
         <Paths length="0"/>
      </Scenario>
      <Scenario>
         <Name>language_No01_637.py</Name>
         <Project>UPlus_Videoportal_Menu</Project>
         <ScriptLocation>UPlus_Videoportal_Menu/Test Scenarios/language_No01_637.py</ScriptLocation>
         <ConfigLocation>UPlus_Videoportal_Menu/Test Scenarios/.language_No01_637.py.properties</ConfigLocation>
         <Paths length="0"/>
      </Scenario>
      <Scenario>
         <Name>language_No02_638.py</Name>
         <Project>UPlus_Videoportal_Menu</Project>
         <ScriptLocation>UPlus_Videoportal_Menu/Test Scenarios/language_No02_638.py</ScriptLocation>
         <ConfigLocation>UPlus_Videoportal_Menu/Test Scenarios/.language_No02_638.py.properties</ConfigLocation>
         <Paths length="0"/>
      </Scenario>
      <Scenario>
         <Name>moieFree_no01_TC568.py</Name>
         <Project>UPlus_Videoportal_Menu</Project>
         <ScriptLocation>UPlus_Videoportal_Menu/Test Scenarios/moieFree_no01_TC568.py</ScriptLocation>
         <ConfigLocation>UPlus_Videoportal_Menu/Test Scenarios/.moieFree_no01_TC568.py.properties</ConfigLocation>
         <Paths length="0"/>
      </Scenario>
      <Scenario>
         <Name>movie_No1_Tc558.py</Name>
         <Project>UPlus_Videoportal_Menu</Project>
         <ScriptLocation>UPlus_Videoportal_Menu/Test Scenarios/movie_No1_Tc558.py</ScriptLocation>
         <ConfigLocation>UPlus_Videoportal_Menu/Test Scenarios/.movie_No1_Tc558.py.properties</ConfigLocation>
         <Paths length="0"/>
      </Scenario>
      <Scenario>
         <Name>movie_No2_Tc559.py</Name>
         <Project>UPlus_Videoportal_Menu</Project>
         <ScriptLocation>UPlus_Videoportal_Menu/Test Scenarios/movie_No2_Tc559.py</ScriptLocation>
         <ConfigLocation>UPlus_Videoportal_Menu/Test Scenarios/.movie_No2_Tc559.py.properties</ConfigLocation>
         <Paths length="0"/>
      </Scenario>
      <Scenario>
         <Name>movie_No3_Tc561_562.py</Name>
         <Project>UPlus_Videoportal_Menu</Project>
         <ScriptLocation>UPlus_Videoportal_Menu/Test Scenarios/movie_No3_Tc561_562.py</ScriptLocation>
         <ConfigLocation>UPlus_Videoportal_Menu/Test Scenarios/.movie_No3_Tc561_562.py.properties</ConfigLocation>
         <Paths length="0"/>
      </Scenario>
      <Scenario>
         <Name>movie_No5_Tc563_564.py</Name>
         <Project>UPlus_Videoportal_Menu</Project>
         <ScriptLocation>UPlus_Videoportal_Menu/Test Scenarios/movie_No5_Tc563_564.py</ScriptLocation>
         <ConfigLocation>UPlus_Videoportal_Menu/Test Scenarios/.movie_No5_Tc563_564.py.properties</ConfigLocation>
         <Paths length="0"/>
      </Scenario>
      <Scenario>
         <Name>movie_No6_Tc565.py</Name>
         <Project>UPlus_Videoportal_Menu</Project>
         <ScriptLocation>UPlus_Videoportal_Menu/Test Scenarios/movie_No6_Tc565.py</ScriptLocation>
         <ConfigLocation>UPlus_Videoportal_Menu/Test Scenarios/.movie_No6_Tc565.py.properties</ConfigLocation>
         <Paths length="0"/>
      </Scenario>
      <Scenario>
         <Name>movie_No7_Tc566.py</Name>
         <Project>UPlus_Videoportal_Menu</Project>
         <ScriptLocation>UPlus_Videoportal_Menu/Test Scenarios/movie_No7_Tc566.py</ScriptLocation>
         <ConfigLocation>UPlus_Videoportal_Menu/Test Scenarios/.movie_No7_Tc566.py.properties</ConfigLocation>
         <Paths length="0"/>
      </Scenario>
      <Scenario>
         <Name>movie_No8_Tc567.py</Name>
         <Project>UPlus_Videoportal_Menu</Project>
         <ScriptLocation>UPlus_Videoportal_Menu/Test Scenarios/movie_No8_Tc567.py</ScriptLocation>
         <ConfigLocation>UPlus_Videoportal_Menu/Test Scenarios/.movie_No8_Tc567.py.properties</ConfigLocation>
         <Paths length="0"/>
      </Scenario>
      <Scenario>
         <Name>movie_No9_Tc587.py</Name>
         <Project>UPlus_Videoportal_Menu</Project>
         <ScriptLocation>UPlus_Videoportal_Menu/Test Scenarios/movie_No9_Tc587.py</ScriptLocation>
         <ConfigLocation>UPlus_Videoportal_Menu/Test Scenarios/.movie_No9_Tc587.py.properties</ConfigLocation>
         <Paths length="0"/>
      </Scenario>
      <Scenario>
         <Name>music_No01_Tc767.py</Name>
         <Project>UPlus_Videoportal_Menu</Project>
         <ScriptLocation>UPlus_Videoportal_Menu/Test Scenarios/music_No01_Tc767.py</ScriptLocation>
         <ConfigLocation>UPlus_Videoportal_Menu/Test Scenarios/.music_No01_Tc767.py.properties</ConfigLocation>
         <Paths length="0"/>
      </Scenario>
      <Scenario>
         <Name>sports_No01_TC499.py</Name>
         <Project>UPlus_Videoportal_Menu</Project>
         <ScriptLocation>UPlus_Videoportal_Menu/Test Scenarios/sports_No01_TC499.py</ScriptLocation>
         <ConfigLocation>UPlus_Videoportal_Menu/Test Scenarios/.sports_No01_TC499.py.properties</ConfigLocation>
         <Paths length="0"/>
      </Scenario>
      <Scenario>
         <Name>sports_No02_TC500.py</Name>
         <Project>UPlus_Videoportal_Menu</Project>
         <ScriptLocation>UPlus_Videoportal_Menu/Test Scenarios/sports_No02_TC500.py</ScriptLocation>
         <ConfigLocation>UPlus_Videoportal_Menu/Test Scenarios/.sports_No02_TC500.py.properties</ConfigLocation>
         <Paths length="0"/>
      </Scenario>
      <Scenario>
         <Name>sports_No08_TC525.py</Name>
         <Project>UPlus_Videoportal_Menu</Project>
         <ScriptLocation>UPlus_Videoportal_Menu/Test Scenarios/sports_No08_TC525.py</ScriptLocation>
         <ConfigLocation>UPlus_Videoportal_Menu/Test Scenarios/.sports_No08_TC525.py.properties</ConfigLocation>
         <Paths length="0"/>
      </Scenario>
      <Scenario>
         <Name>sports_No09_TC526.py</Name>
         <Project>UPlus_Videoportal_Menu</Project>
         <ScriptLocation>UPlus_Videoportal_Menu/Test Scenarios/sports_No09_TC526.py</ScriptLocation>
         <ConfigLocation>UPlus_Videoportal_Menu/Test Scenarios/.sports_No09_TC526.py.properties</ConfigLocation>
         <Paths length="0"/>
      </Scenario>
      <Scenario>
         <Name>sports_No10_TC527.py</Name>
         <Project>UPlus_Videoportal_Menu</Project>
         <ScriptLocation>UPlus_Videoportal_Menu/Test Scenarios/sports_No10_TC527.py</ScriptLocation>
         <ConfigLocation>UPlus_Videoportal_Menu/Test Scenarios/.sports_No10_TC527.py.properties</ConfigLocation>
         <Paths length="0"/>
      </Scenario>
      <Scenario>
         <Name>stroyTell_No01_Tc230.py</Name>
         <Project>UPlus_Videoportal_Menu</Project>
         <ScriptLocation>UPlus_Videoportal_Menu/Test Scenarios/stroyTell_No01_Tc230.py</ScriptLocation>
         <ConfigLocation>UPlus_Videoportal_Menu/Test Scenarios/.stroyTell_No01_Tc230.py.properties</ConfigLocation>
         <Paths length="0"/>
      </Scenario>
      <Scenario>
         <Name>stroyTell_No02_Tc231.py</Name>
         <Project>UPlus_Videoportal_Menu</Project>
         <ScriptLocation>UPlus_Videoportal_Menu/Test Scenarios/stroyTell_No02_Tc231.py</ScriptLocation>
         <ConfigLocation>UPlus_Videoportal_Menu/Test Scenarios/.stroyTell_No02_Tc231.py.properties</ConfigLocation>
         <Paths length="0"/>
      </Scenario>
      <Scenario>
         <Name>stroyTell_No03_Tc232.py</Name>
         <Project>UPlus_Videoportal_Menu</Project>
         <ScriptLocation>UPlus_Videoportal_Menu/Test Scenarios/stroyTell_No03_Tc232.py</ScriptLocation>
         <ConfigLocation>UPlus_Videoportal_Menu/Test Scenarios/.stroyTell_No03_Tc232.py.properties</ConfigLocation>
         <Paths length="0"/>
      </Scenario>
      <Scenario>
         <Name>stroyTell_No04_Tc233.py</Name>
         <Project>UPlus_Videoportal_Menu</Project>
         <ScriptLocation>UPlus_Videoportal_Menu/Test Scenarios/stroyTell_No04_Tc233.py</ScriptLocation>
         <ConfigLocation>UPlus_Videoportal_Menu/Test Scenarios/.stroyTell_No04_Tc233.py.properties</ConfigLocation>
         <Paths length="0"/>
      </Scenario>
      <Scenario>
         <Name>stroyTell_No05_Tc234.py</Name>
         <Project>UPlus_Videoportal_Menu</Project>
         <ScriptLocation>UPlus_Videoportal_Menu/Test Scenarios/stroyTell_No05_Tc234.py</ScriptLocation>
         <ConfigLocation>UPlus_Videoportal_Menu/Test Scenarios/.stroyTell_No05_Tc234.py.properties</ConfigLocation>
         <Paths length="0"/>
      </Scenario>
      <Scenario>
         <Name>stroyTell_No06_Tc235.py</Name>
         <Project>UPlus_Videoportal_Menu</Project>
         <ScriptLocation>UPlus_Videoportal_Menu/Test Scenarios/stroyTell_No06_Tc235.py</ScriptLocation>
         <ConfigLocation>UPlus_Videoportal_Menu/Test Scenarios/.stroyTell_No06_Tc235.py.properties</ConfigLocation>
         <Paths length="0"/>
      </Scenario>
      <Scenario>
         <Name>stroyTell_No07_Tc236_238.py</Name>
         <Project>UPlus_Videoportal_Menu</Project>
         <ScriptLocation>UPlus_Videoportal_Menu/Test Scenarios/stroyTell_No07_Tc236_238.py</ScriptLocation>
         <ConfigLocation>UPlus_Videoportal_Menu/Test Scenarios/.stroyTell_No07_Tc236_238.py.properties</ConfigLocation>
         <Paths length="0"/>
      </Scenario>
      <Scenario>
         <Name>stroyTell_No08_Tc239.py</Name>
         <Project>UPlus_Videoportal_Menu</Project>
         <ScriptLocation>UPlus_Videoportal_Menu/Test Scenarios/stroyTell_No08_Tc239.py</ScriptLocation>
         <ConfigLocation>UPlus_Videoportal_Menu/Test Scenarios/.stroyTell_No08_Tc239.py.properties</ConfigLocation>
         <Paths length="0"/>
      </Scenario>
      <Scenario>
         <Name>stroyTell_No09_Tc240_243_244_246.py</Name>
         <Project>UPlus_Videoportal_Menu</Project>
         <ScriptLocation>UPlus_Videoportal_Menu/Test Scenarios/stroyTell_No09_Tc240_243_244_246.py</ScriptLocation>
         <ConfigLocation>UPlus_Videoportal_Menu/Test Scenarios/.stroyTell_No09_Tc240_243_244_246.py.properties</ConfigLocation>
         <Paths length="0"/>
      </Scenario>
      <Scenario>
         <Name>stroyTell_No12_Tc245.py</Name>
         <Project>UPlus_Videoportal_Menu</Project>
         <ScriptLocation>UPlus_Videoportal_Menu/Test Scenarios/stroyTell_No12_Tc245.py</ScriptLocation>
         <ConfigLocation>UPlus_Videoportal_Menu/Test Scenarios/.stroyTell_No12_Tc245.py.properties</ConfigLocation>
         <Paths length="0"/>
      </Scenario>
      <Scenario>
         <Name>stroyTell_No13_Tc259.py</Name>
         <Project>UPlus_Videoportal_Menu</Project>
         <ScriptLocation>UPlus_Videoportal_Menu/Test Scenarios/stroyTell_No13_Tc259.py</ScriptLocation>
         <ConfigLocation>UPlus_Videoportal_Menu/Test Scenarios/.stroyTell_No13_Tc259.py.properties</ConfigLocation>
         <Paths length="0"/>
      </Scenario>
      <Scenario>
         <Name>stroyTell_No14_Tc260.py</Name>
         <Project>UPlus_Videoportal_Menu</Project>
         <ScriptLocation>UPlus_Videoportal_Menu/Test Scenarios/stroyTell_No14_Tc260.py</ScriptLocation>
         <ConfigLocation>UPlus_Videoportal_Menu/Test Scenarios/.stroyTell_No14_Tc260.py.properties</ConfigLocation>
         <Paths length="0"/>
      </Scenario>
      <Scenario>
         <Name>stroyTell_No15_Tc261.py</Name>
         <Project>UPlus_Videoportal_Menu</Project>
         <ScriptLocation>UPlus_Videoportal_Menu/Test Scenarios/stroyTell_No15_Tc261.py</ScriptLocation>
         <ConfigLocation>UPlus_Videoportal_Menu/Test Scenarios/.stroyTell_No15_Tc261.py.properties</ConfigLocation>
         <Paths length="0"/>
      </Scenario>
      <Scenario>
         <Name>stroyTell_No16_Tc265.py</Name>
         <Project>UPlus_Videoportal_Menu</Project>
         <ScriptLocation>UPlus_Videoportal_Menu/Test Scenarios/stroyTell_No16_Tc265.py</ScriptLocation>
         <ConfigLocation>UPlus_Videoportal_Menu/Test Scenarios/.stroyTell_No16_Tc265.py.properties</ConfigLocation>
         <Paths length="0"/>
      </Scenario>
      <Scenario>
         <Name>stroyTell_No17_Tc334.py</Name>
         <Project>UPlus_Videoportal_Menu</Project>
         <ScriptLocation>UPlus_Videoportal_Menu/Test Scenarios/stroyTell_No17_Tc334.py</ScriptLocation>
         <ConfigLocation>UPlus_Videoportal_Menu/Test Scenarios/.stroyTell_No17_Tc334.py.properties</ConfigLocation>
         <Paths length="0"/>
      </Scenario>
      <Scenario>
         <Name>stroyTell_No21_Tc333_336.py</Name>
         <Project>UPlus_Videoportal_Menu</Project>
         <ScriptLocation>UPlus_Videoportal_Menu/Test Scenarios/stroyTell_No21_Tc333_336.py</ScriptLocation>
         <ConfigLocation>UPlus_Videoportal_Menu/Test Scenarios/.stroyTell_No21_Tc333_336.py.properties</ConfigLocation>
         <Paths length="0"/>
      </Scenario>
      <Scenario>
         <Name>study_No01_Tc741.py</Name>
         <Project>UPlus_Videoportal_Menu</Project>
         <ScriptLocation>UPlus_Videoportal_Menu/Test Scenarios/study_No01_Tc741.py</ScriptLocation>
         <ConfigLocation>UPlus_Videoportal_Menu/Test Scenarios/.study_No01_Tc741.py.properties</ConfigLocation>
         <Paths length="0"/>
      </Scenario>
      <Scenario>
         <Name>study_No02_Tc742.py</Name>
         <Project>UPlus_Videoportal_Menu</Project>
         <ScriptLocation>UPlus_Videoportal_Menu/Test Scenarios/study_No02_Tc742.py</ScriptLocation>
         <ConfigLocation>UPlus_Videoportal_Menu/Test Scenarios/.study_No02_Tc742.py.properties</ConfigLocation>
         <Paths length="0"/>
      </Scenario>
      <Scenario>
         <Name>study_No03_Tc743.py</Name>
         <Project>UPlus_Videoportal_Menu</Project>
         <ScriptLocation>UPlus_Videoportal_Menu/Test Scenarios/study_No03_Tc743.py</ScriptLocation>
         <ConfigLocation>UPlus_Videoportal_Menu/Test Scenarios/.study_No03_Tc743.py.properties</ConfigLocation>
         <Paths length="0"/>
      </Scenario>
      <Scenario>
         <Name>study_No05_Tc745.py</Name>
         <Project>UPlus_Videoportal_Menu</Project>
         <ScriptLocation>UPlus_Videoportal_Menu/Test Scenarios/study_No05_Tc745.py</ScriptLocation>
         <ConfigLocation>UPlus_Videoportal_Menu/Test Scenarios/.study_No05_Tc745.py.properties</ConfigLocation>
         <Paths length="0"/>
      </Scenario>
      <Scenario>
         <Name>study_No06_Tc746.py</Name>
         <Project>UPlus_Videoportal_Menu</Project>
         <ScriptLocation>UPlus_Videoportal_Menu/Test Scenarios/study_No06_Tc746.py</ScriptLocation>
         <ConfigLocation>UPlus_Videoportal_Menu/Test Scenarios/.study_No06_Tc746.py.properties</ConfigLocation>
         <Paths length="0"/>
      </Scenario>
      <Scenario>
         <Name>study_No07_Tc753_754.py</Name>
         <Project>UPlus_Videoportal_Menu</Project>
         <ScriptLocation>UPlus_Videoportal_Menu/Test Scenarios/study_No07_Tc753_754.py</ScriptLocation>
         <ConfigLocation>UPlus_Videoportal_Menu/Test Scenarios/.study_No07_Tc753_754.py.properties</ConfigLocation>
         <Paths length="0"/>
      </Scenario>
      <Scenario>
         <Name>todayIssue_no01_Tc207.py</Name>
         <Project>UPlus_Videoportal_Menu</Project>
         <ScriptLocation>UPlus_Videoportal_Menu/Test Scenarios/todayIssue_no01_Tc207.py</ScriptLocation>
         <ConfigLocation>UPlus_Videoportal_Menu/Test Scenarios/.todayIssue_no01_Tc207.py.properties</ConfigLocation>
         <Paths length="0"/>
      </Scenario>
      <Scenario>
         <Name>todayIssue_no02_Tc208_209.py</Name>
         <Project>UPlus_Videoportal_Menu</Project>
         <ScriptLocation>UPlus_Videoportal_Menu/Test Scenarios/todayIssue_no02_Tc208_209.py</ScriptLocation>
         <ConfigLocation>UPlus_Videoportal_Menu/Test Scenarios/.todayIssue_no02_Tc208_209.py.properties</ConfigLocation>
         <Paths length="0"/>
      </Scenario>
      <Scenario>
         <Name>video360_No01_Tc937.py</Name>
         <Project>UPlus_Videoportal_Menu</Project>
         <ScriptLocation>UPlus_Videoportal_Menu/Test Scenarios/video360_No01_Tc937.py</ScriptLocation>
         <ConfigLocation>UPlus_Videoportal_Menu/Test Scenarios/.video360_No01_Tc937.py.properties</ConfigLocation>
         <Paths length="0"/>
      </Scenario>
      <Scenario>
         <Name>video360_No02_Tc938.py</Name>
         <Project>UPlus_Videoportal_Menu</Project>
         <ScriptLocation>UPlus_Videoportal_Menu/Test Scenarios/video360_No02_Tc938.py</ScriptLocation>
         <ConfigLocation>UPlus_Videoportal_Menu/Test Scenarios/.video360_No02_Tc938.py.properties</ConfigLocation>
         <Paths length="0"/>
      </Scenario>
      <Scenario>
         <Name>video360_No03_Tc939.py</Name>
         <Project>UPlus_Videoportal_Menu</Project>
         <ScriptLocation>UPlus_Videoportal_Menu/Test Scenarios/video360_No03_Tc939.py</ScriptLocation>
         <ConfigLocation>UPlus_Videoportal_Menu/Test Scenarios/.video360_No03_Tc939.py.properties</ConfigLocation>
         <Paths length="0"/>
      </Scenario>
      <Scenario>
         <Name>video360_No06_Tc944.py</Name>
         <Project>UPlus_Videoportal_Menu</Project>
         <ScriptLocation>UPlus_Videoportal_Menu/Test Scenarios/video360_No06_Tc944.py</ScriptLocation>
         <ConfigLocation>UPlus_Videoportal_Menu/Test Scenarios/.video360_No06_Tc944.py.properties</ConfigLocation>
         <Paths length="0"/>
      </Scenario>
   </Scenarios>
   <RecoveryPath>UPlus_Videoportal_Menu/Recovery Scenarios</RecoveryPath>
   <ResourcesPath>UPlus_Videoportal_Menu/Resources</ResourcesPath>
   <Version>7.1.2</Version>
   <Guid>8eccabdd-ba27-4fd6-9ed6-37dd2679a4fb</Guid>
   <Timestamp>1530688545</Timestamp>
   <Type>PythonTest</Type>
   <Description></Description>
</PackageManifest>